Rank ▾,Percentile,Pilot Name,Games Played,W/L Ratio,Survive Rate,K/D Ratio,Average Score,Adjusted Score,Progress,Light,Medium,Heavy,Assault
17355,12%,SonicLightning8,146,0.84,13%,0.2,125,78.3,5%,0%,0%,45%,42%
16989,14%,Someone Stole My Sweetroll,45,2.67,44%,1.88,356,93,,0%,0%,0%,60%
16596,16%,iTzEhMango,97,1.2,33%,0.68,233,108.8,,0%,0%,0%,100%
16426,16%,Prince Hanse Rau Davion [AW],11995,0.68,14%,0.24,116,116.3,13%,14%,10%,25%,50%
16030,18%,Maelstrom238,10852,0.82,24%,0.4,160,131.6,-28%,14%,19%,24%,38%
15696,20%,Zatoichi 1,2787,0.63,18%,0.32,148,142.5,-2%,12%,6%,30%,48%
15495,21%,p1mps,329,0.68,18%,0.43,164,148.2,12%,3%,50%,27%,9%
15471,21%,InteliWasp [BPL],654,0.81,20%,0.41,154,148.8,-16%,7%,6%,17%,49%
15449,21%,DillyGong,241,1.1,15%,0.61,184,149.7,-25%,14%,18%,23%,23%
14914,24%,Roxxi Rose,564,0.73,21%,0.35,167,162.9,14%,0%,31%,59%,8%
14292,27%,Skippy Dinglechalk,326,1.02,20%,0.47,190,176.7,2%,40%,16%,34%,10%
13725,30%,Fluffycerberus,1750,1.03,34%,0.8,192,187.9,11%,8%,10%,23%,55%
13702,30%,BluMetal,641,0.97,22%,0.54,192,188.3,9%,6%,19%,29%,40%
13661,31%,JBRedPhoenix,3730,0.99,26%,0.6,181,189,-3%,12%,28%,33%,18%
13564,31%,Centurion Petreus [WMK],14220,0.93,24%,0.66,195,190.9,10%,3%,8%,31%,56%
13038,34%,Skeezics,2246,1.15,25%,0.58,200,200,5%,19%,16%,20%,45%
12999,34%,Kitsune Appreciator 69,611,0.83,18%,0.63,206,200.6,-13%,4%,8%,5%,62%
12783,35%,Doc Device,1047,1.08,24%,0.39,192,203.7,24%,20%,69%,6%,2%
12710,35%,robobeaver,556,0.88,24%,0.72,209,204.8,51%,6%,24%,22%,40%
12701,35%,PDDRocco,659,1.08,30%,0.66,193,204.9,17%,70%,28%,0%,2%
12677,36%,Tyrihjelm,513,0.84,34%,0.66,209,205.2,,15%,58%,16%,11%
12510,36%,skiballer [BP],827,0.89,23%,0.82,193,207.2,10%,12%,5%,14%,54%
12116,38%,CrimzonLizard [SRoT],1387,1.32,36%,0.95,207,212.1,5%,1%,4%,47%,37%
11950,39%,CheesecakeLuvr1869,622,0.74,26%,0.68,217,214.4,,6%,6%,69%,13%
11868,40%,Lauski1977,1441,1.04,35%,0.88,212,215.4,27%,23%,39%,17%,22%
11664,41%,deagleyes,9432,1.01,27%,0.72,220,217.6,-2%,24%,22%,22%,30%
11523,41%,Hiroler_77 [2d20],7668,1.27,25%,0.6,211,219.2,19%,15%,21%,23%,38%
11280,43%,XCorsair [2d20],10631,1.04,18%,0.58,213,221.6,26%,20%,13%,33%,32%
10649,46%,HasHman [BP],2061,0.95,23%,0.91,223,227.1,1%,0%,4%,15%,70%
10646,46%,Clobber,6620,0.91,22%,0.77,217,227.2,1%,7%,13%,45%,28%
10202,48%,Rhys Vizsla,356,1.05,26%,1.05,249,230.1,7%,7%,46%,19%,3%
10176,48%,ToneLoc99 [SRoT],8895,1,31%,0.78,222,230.3,-3%,15%,25%,33%,21%
9694,51%,RalphyNoPants [BPL],8958,1.03,23%,0.87,232,233,1%,12%,25%,21%,39%
9617,51%,Cocomax [BP],11359,0.93,28%,1.03,229,233.4,9%,3%,15%,24%,55%
9287,53%,mr bear [256],21031,0.96,18%,0.82,225,235.2,0%,10%,36%,30%,23%
9241,53%,Arcane Wraith [BP],7139,0.97,35%,0.93,238,235.4,1%,10%,18%,16%,54%
9216,53%,Athena Deathrose [SRoT],197,1.46,36%,1.76,322,235.5,,0%,13%,30%,37%
9181,53%,Micheal Hessek [TSLL],8337,0.98,35%,1.01,214,235.7,-4%,9%,15%,51%,16%
9147,53%,YnnacBain [BP],3572,0.97,26%,0.76,232,235.8,-3%,19%,24%,30%,21%
9114,54%,Littlest Hobo,1451,0.95,22%,0.65,220,235.9,-7%,2%,42%,30%,15%
9036,54%,Vampyreq [256],20852,1.02,19%,0.77,238,236.3,-12%,17%,19%,27%,35%
8994,54%,Smagaman [BP],6503,0.87,22%,0.74,237,236.5,-10%,4%,4%,29%,56%
8890,55%,Zerglinator,22191,1.03,17%,0.59,227,236.9,10%,14%,14%,22%,48%
8873,55%,Wicked Steel [FJRD],13950,0.95,30%,0.83,233,237,1%,5%,9%,30%,55%
8843,55%,LomasAtorian [2d20],2796,1.05,32%,0.81,231,237.2,14%,22%,12%,14%,34%
8769,55%,ShangguanJiner [ICOB],3827,1.02,36%,0.97,220,237.4,10%,15%,18%,45%,19%
8751,55%,Von Pinn [SPNC],5177,1,30%,0.92,217,237.5,5%,19%,15%,40%,19%
8625,56%,bLuESeRoS [256],11029,0.97,26%,0.92,244,237.9,,14%,29%,25%,28%
8510,57%,HedgehogBC [BPL],3765,1.01,22%,0.75,233,238.4,13%,12%,19%,31%,25%
8484,57%,Pondafarr [CWM],20427,0.96,19%,0.63,229,238.5,8%,12%,23%,31%,33%
8301,58%,Maverick2020 [256],24354,0.99,25%,0.78,222,239.2,8%,2%,31%,53%,13%
8196,58%,Poggle,8343,1.02,30%,1.05,230,239.6,-20%,12%,19%,29%,35%
8060,59%,hoodiebenny,849,1.12,28%,1.09,236,240.2,,20%,11%,23%,27%
8039,59%,SavaShip [CDU],8797,0.97,27%,0.84,245,240.2,-11%,1%,43%,34%,20%
8008,59%,Tetatae Exchange Student [BPL],1411,1.02,20%,0.81,240,240.3,-18%,15%,22%,21%,24%
8001,59%,GunRaptor [MGSq],8405,1.11,28%,0.85,233,240.4,4%,15%,25%,27%,31%
7880,60%,GrooveRyder,4750,0.97,27%,0.87,242,240.8,-7%,6%,16%,38%,40%
7837,60%,WOLF TooGoooD,7591,0.97,30%,1.04,238,241,-1%,5%,12%,14%,69%
7799,60%,STI_Leopard,3436,1.06,25%,1,242,241.2,-5%,16%,30%,23%,29%
7791,60%,wBlazer15,1722,1.08,22%,0.89,241,241.2,,14%,18%,26%,31%
7781,60%,Ghost of Eden,341,0.89,33%,1.18,266,241.3,-13%,3%,40%,41%,7%
7728,61%,GIJimmy41 [SBRS],17104,0.96,25%,0.9,238,241.5,-12%,6%,29%,44%,19%
7700,61%,MalYaska,1525,1.12,24%,0.75,242,241.6,-5%,14%,6%,23%,49%
7586,61%,Oozie Man,4324,0.93,33%,0.98,237,242,-6%,7%,36%,41%,13%
7414,62%,Swinathedad,2381,0.95,33%,0.82,238,242.6,-6%,20%,23%,55%,1%
7365,63%,xxleduc93xx,1278,0.84,25%,0.85,245,242.8,-6%,0%,6%,22%,67%
7334,63%,DC Ryoshun,15406,1,30%,0.99,247,242.9,-2%,4%,17%,45%,33%
7252,63%,mytilus edulis,17788,1.07,32%,1.28,244,243.2,12%,11%,23%,31%,34%
7144,64%,MasterPig [CDU],6651,1.1,33%,1.55,234,243.6,31%,23%,19%,19%,32%
7084,64%,RangerS09,21501,0.89,24%,0.64,231,243.9,5%,4%,12%,28%,54%
7060,64%,Nitemox [BTD],16183,1.01,34%,0.92,230,244,-6%,15%,50%,23%,10%
7034,64%,Jeff on a Buffalo,9468,0.93,30%,0.73,245,244,-1%,23%,34%,27%,12%
6971,65%,Skroggles [CDU],19638,1.13,29%,1.16,245,244.3,2%,12%,18%,27%,42%
6937,65%,Hamster AKA Bird,272,1.03,26%,0.95,294,244.5,5%,0%,24%,16%,44%
6923,65%,NuKe170,6671,0.99,25%,1.02,225,244.5,14%,13%,20%,29%,34%
6911,65%,GhostSeeker [AW],4252,1.13,23%,0.89,237,244.6,,7%,8%,45%,29%
6790,65%,Frankenstein27 [SRoT],2563,1.03,38%,1.37,244,245,16%,6%,8%,8%,71%
6682,66%,lorddrakewater [FJRD],3396,1.07,24%,0.94,247,245.4,-2%,14%,17%,19%,44%
6593,66%,Nikkolay,2720,1.06,21%,0.82,239,245.7,-4%,20%,22%,23%,28%
6588,66%,Floybin [CR1T],13331,0.91,31%,1.02,230,245.7,1%,19%,26%,34%,19%
6578,67%,RacerX [BP],6723,0.94,31%,1.11,241,245.7,-2%,7%,13%,52%,19%
6527,67%,RedHerring [BP],10134,0.94,31%,1.01,230,245.9,5%,12%,29%,42%,13%
6493,67%,Jitszu,1360,1.04,32%,1.08,242,246,18%,22%,13%,52%,10%
6441,67%,Doomed Musician,822,1.12,24%,0.93,253,246.2,17%,3%,8%,16%,64%
6328,68%,Tarnc [228],1742,0.98,27%,0.85,248,246.6,9%,7%,42%,28%,14%
6268,68%,Manikin Fartwalker,2502,1.06,35%,1.29,245,246.9,17%,23%,19%,18%,36%
6263,68%,Byrdkiller [AW],12497,0.88,29%,0.87,237,246.9,6%,10%,26%,37%,23%
6219,68%,Enty_,3155,1.12,24%,0.85,244,247.1,,29%,20%,12%,34%
6197,68%,Choco Lab,7471,0.86,24%,0.98,258,247.2,-11%,1%,4%,17%,78%
6146,69%,Jerimiah Youngblood,12634,1,34%,1.09,248,247.4,-3%,8%,45%,18%,29%
6144,69%,Drake67,2488,0.97,28%,0.94,241,247.4,,8%,14%,36%,30%
6050,69%,MechEnt,8489,1,30%,0.89,239,247.7,10%,16%,37%,21%,23%
5945,70%,GetLuckyGhoul,3230,1.04,25%,0.79,245,248.1,0%,21%,19%,33%,22%
5823,70%,Shotgunfist [C-XF],8001,1.38,31%,0.97,244,248.5,-2%,7%,23%,28%,37%
5815,70%,Fear is the mind killer [BP],5791,0.97,30%,0.9,244,248.5,62%,19%,48%,20%,11%
5666,71%,HeinousUranus,777,1.14,19%,0.83,253,249.1,7%,10%,17%,23%,47%
5616,71%,JonNoren,5968,0.99,26%,0.83,248,249.3,3%,17%,22%,27%,32%
5612,71%,lazyhate101,5611,1.01,29%,1.08,234,249.3,36%,29%,22%,24%,19%
5536,72%,Maxmawr [ATUN],1259,1.11,26%,0.87,241,249.6,-5%,45%,15%,10%,21%
5535,72%,Dylan Pickles,4233,0.93,29%,1.08,251,249.6,-14%,1%,21%,10%,63%
5519,72%,Rosa Terica,1793,1.2,34%,1.09,252,249.7,,7%,21%,35%,34%
5485,72%,BloodySpleen [CDU],14196,0.99,29%,0.88,241,249.9,10%,14%,41%,29%,14%
5418,72%,Hrunting [SRoT],7910,1.1,33%,1.14,243,250.2,2%,10%,56%,17%,9%
5346,73%,Terran123rd,4782,0.94,26%,1.08,245,250.5,-6%,23%,23%,32%,17%
5333,73%,BlitzWarrior888,2384,1,31%,0.93,255,250.5,-17%,5%,18%,33%,35%
5209,74%,Ciderstien [WMK],3626,1,34%,0.94,243,251,9%,22%,43%,18%,13%
5199,74%,Scrappy Metal Can [2d20],10209,1.05,27%,0.78,244,251,,35%,25%,22%,17%
5155,74%,Jexvrok [SRoT],9798,1.08,36%,1.24,248,251.2,-16%,11%,30%,34%,23%
5039,74%,freeriderau [C-XF],9859,1.22,31%,1.16,255,251.7,12%,24%,25%,30%,17%
5014,75%,SaberXtorm [256],1322,0.99,30%,0.95,247,251.8,,12%,26%,28%,25%
4897,75%,Drenzul,6019,1.05,28%,0.85,256,252.4,1%,8%,6%,36%,46%
4699,76%,Wishlist1,981,0.97,28%,0.92,246,253.3,21%,22%,18%,10%,24%
4694,76%,AcidAngel501,5334,1,27%,0.94,258,253.4,-8%,1%,10%,48%,38%
4582,77%,XI584 [228H],2849,1.01,34%,1.17,257,253.9,-5%,5%,16%,47%,32%
4511,77%,Jarathi,1695,1.07,31%,0.88,243,254.2,3%,48%,35%,12%,5%
4499,77%,Stew101 [KCom],4072,1.81,30%,1.23,271,254.3,-18%,2%,24%,40%,25%
4465,77%,kodiakbs [AW],4698,1.15,26%,0.88,253,254.4,,20%,15%,25%,33%
4429,77%,Swamp Fox II,12214,1.06,34%,1.02,238,254.6,13%,23%,35%,21%,20%
4351,78%,raptorian,6141,1.04,30%,1.1,262,255,18%,7%,11%,23%,57%
4315,78%,Sniperman672 [SRoT],4911,0.98,31%,1.24,257,255.2,22%,8%,10%,17%,57%
4279,78%,Lokendak,702,1.01,29%,1.02,254,255.3,-1%,8%,30%,28%,11%
4249,78%,speedyspeedyboy [ATUN],1651,1.13,29%,1.19,250,255.4,-3%,35%,22%,8%,29%
4236,78%,Hieu61,7460,1.04,29%,0.96,262,255.5,,7%,15%,19%,57%
4169,79%,Viola,2414,1.01,27%,1.05,230,255.9,10%,71%,2%,3%,21%
4016,80%,Slowth [KCom],5797,1.35,35%,1.09,233,256.7,8%,20%,26%,39%,10%
4002,80%,Jags37,831,1.06,29%,0.92,259,256.7,-3%,10%,38%,23%,23%
3994,80%,SorbP,1355,1.27,31%,1.22,263,256.8,-9%,19%,25%,26%,27%
3874,80%,Ragnahawk [G'C],4763,1.69,42%,2.48,292,257.3,-19%,18%,55%,8%,13%
3862,80%,Blaizakaros,19075,1.08,30%,0.94,248,257.4,9%,24%,29%,25%,21%
3857,80%,SirHavan [SRoT],14487,1.05,28%,0.73,234,257.4,19%,35%,26%,23%,13%
3818,81%,Tactic00l Tuna Fish [BPL],1906,1.07,24%,1.01,248,257.6,-19%,39%,16%,23%,6%
3761,81%,Alena Flame,1415,1.32,34%,1.47,253,257.9,-4%,25%,15%,42%,11%
3693,81%,HalflightAgent [ATUN],1340,1.13,26%,0.86,251,258.3,18%,36%,15%,28%,16%
3688,81%,Bosstralia,2187,1.14,38%,1.43,256,258.3,2%,50%,20%,18%,10%
3675,81%,IvanTheTerrible1,2846,1.23,35%,1.24,259,258.4,-3%,8%,19%,38%,27%
3616,82%,Soundbust 11,2911,1.09,30%,1,263,258.7,,9%,5%,18%,61%
3608,82%,Lowendofthings,5745,1.05,27%,0.9,255,258.7,13%,22%,16%,20%,41%
3543,82%,M4maFoox,1710,1.19,29%,1,243,259.1,2%,67%,14%,13%,2%
3432,83%,TheodoreTWyvrun,952,1.1,38%,1.39,258,259.9,14%,17%,39%,20%,14%
3418,83%,historicgamer,4774,0.99,28%,0.83,252,260,,21%,22%,24%,27%
3398,83%,King Mufasa [CWM],27967,0.94,34%,1.11,253,260.1,3%,11%,29%,24%,36%
3362,83%,CorranHuss,2384,1.12,25%,0.93,252,260.4,27%,39%,26%,22%,4%
3344,83%,H3lix_,890,1.1,33%,1.29,258,260.6,-14%,26%,19%,18%,21%
3333,83%,Itsduhkraken,554,0.95,38%,1.13,272,260.6,,0%,11%,46%,43%
3264,83%,NolRinela [-99-],2109,1.05,27%,0.87,246,261.1,15%,43%,28%,16%,5%
3228,84%,Shadowhunter74,2665,0.96,25%,0.85,244,261.4,12%,7%,20%,35%,23%
3196,84%,Thunderwyrm [WMK],10196,0.92,31%,1.07,238,261.6,3%,26%,36%,23%,14%
3180,84%,Shaunbomb [FJRD],6379,1.09,26%,0.88,267,261.8,-16%,7%,15%,27%,50%
3169,84%,JFrIend [CDU],21032,1.01,35%,0.93,241,262,13%,49%,26%,15%,10%
3093,84%,Falkenhayn [BTD],20717,1.25,35%,1.12,278,262.4,-14%,1%,6%,64%,28%
3069,84%,Sevronis [SRoT],5929,1.18,34%,1.16,239,262.6,,13%,11%,31%,39%
3066,84%,Kaiju-Killer,3580,1.17,34%,1.57,261,262.6,10%,9%,21%,19%,46%
3026,85%,Alfa Strike [FJRD],6713,1.11,27%,0.86,251,262.9,-2%,21%,27%,30%,18%
2977,85%,SaBukreic,5350,1,31%,0.94,248,263.3,-10%,45%,33%,10%,7%
2911,85%,Call me Yoshi [WMK],1805,1.04,31%,1.18,265,263.8,-7%,1%,20%,62%,11%
2801,86%,Dutch Bear of WI [DS-F],6636,1.11,33%,1,247,264.7,0%,68%,12%,9%,7%
2749,86%,Xyco [256],36490,1.05,39%,1.45,267,265.1,-6%,31%,23%,25%,21%
2734,86%,NubyaTheRealtor,2523,0.97,27%,0.91,261,265.3,8%,34%,18%,17%,29%
2723,86%,TheCatequil,2198,1.03,25%,0.99,264,265.3,,20%,7%,16%,47%
2694,86%,RatJunkie [228H],6928,1.08,30%,0.99,267,265.6,7%,15%,13%,26%,45%
2689,86%,terryflap,1334,1.24,34%,1.35,261,265.6,-3%,28%,17%,27%,19%
2632,87%,Mercu,6255,0.9,33%,0.96,233,266.1,,12%,18%,39%,25%
2621,87%,Lucius Tatus,2772,1.18,29%,1,274,266.2,5%,1%,14%,24%,56%
2560,87%,Rhavii [FJRD],21059,1,34%,1.16,254,266.8,9%,25%,14%,20%,40%
2549,87%,realmruler [FJRD],4886,1.11,32%,1.2,249,266.9,-10%,28%,21%,24%,23%
2527,87%,Pincode05 [ATUN],4012,1.07,29%,1.36,269,267.1,7%,14%,9%,26%,48%
2507,87%,bowman08,2037,1.01,29%,1.53,263,267.4,2%,24%,24%,28%,21%
2441,88%,Haji1096 [BTD],11650,1.26,36%,1.29,262,267.9,0%,24%,32%,30%,10%
2437,88%,benben10,12508,1.07,32%,1.11,259,268,10%,23%,24%,30%,22%
2435,88%,Firespiter,972,1.07,24%,0.82,261,268,4%,16%,63%,13%,1%
2432,88%,Nix05281,1270,1.04,30%,1,249,268,13%,67%,18%,4%,4%
2416,88%,charbdys [OP-4],14706,1.06,30%,1.26,248,268.1,31%,19%,26%,19%,34%
2406,88%,NeoWave,1988,1.05,29%,1.22,256,268.2,13%,55%,12%,12%,19%
2404,88%,Crazyindianjoe,15374,1.04,28%,0.83,257,268.2,7%,25%,21%,30%,24%
2385,88%,Scribbly Eyes,2007,1.06,28%,1.05,264,268.4,-3%,18%,42%,24%,13%
2382,88%,InTeaM Drake,2235,0.99,32%,0.84,261,268.5,15%,11%,24%,38%,18%
2338,88%,Commander64o,1735,1.09,31%,1.32,267,268.8,12%,19%,17%,9%,47%
2316,88%,Kiwimancer,2407,1.12,40%,1.35,271,269.1,6%,8%,13%,39%,34%
2295,88%,Xoury [MGSq],9783,1.16,30%,1.47,265,269.4,10%,3%,76%,9%,9%
2252,89%,Bennyhanuh,962,1.08,29%,1.25,268,269.9,-7%,24%,23%,22%,28%
2224,89%,snakemanjon [WMK],5149,0.97,27%,0.91,266,270.1,22%,11%,24%,51%,12%
2211,89%,Makerie [256],6242,1,31%,0.97,264,270.3,,19%,14%,44%,18%
2172,89%,Crashburn [D4VE],9967,1.11,38%,1.43,270,270.7,-10%,31%,28%,26%,12%
2171,89%,The Blood Eagle [EYRI],11658,1.19,26%,1.24,273,270.7,-5%,15%,26%,14%,43%
2160,89%,SwiftKiller512,1506,0.96,35%,0.95,265,270.8,12%,23%,23%,35%,7%
2107,89%,TristarInvader,1495,1.06,36%,1.36,266,271.6,6%,26%,39%,21%,11%
2079,89%,FoPhoenix [SBRS],7933,1.03,30%,0.97,272,271.9,,7%,6%,34%,51%
2069,89%,RayRazor [BTD],12090,1.18,36%,1.22,261,272,30%,9%,22%,28%,38%
2066,89%,sunm,6396,0.95,34%,1.29,267,272.1,10%,25%,20%,29%,26%
2065,90%,weaver [BPL],3434,0.91,27%,1.18,267,272.1,13%,21%,29%,27%,14%
2053,90%,Chromentia,2356,1.09,30%,1.07,269,272.2,17%,19%,24%,24%,25%
2030,90%,QuestingKnight,3139,1.11,31%,1.2,275,272.6,,12%,22%,27%,39%
1976,90%,Jhebbal [FJRD],1417,1.15,48%,1.87,265,273.1,2%,42%,22%,15%,15%
1961,90%,rowtuh [2d20],7296,1.12,33%,1.3,269,273.5,,19%,20%,27%,32%
1911,90%,enblom50,2947,0.87,34%,1.13,264,274.1,7%,31%,46%,15%,5%
1895,90%,Zardas,6747,1.11,38%,1.49,274,274.3,1%,11%,16%,33%,38%
1800,91%,EyeSeaHue,1987,1.11,32%,1.23,271,275.6,-2%,26%,19%,35%,18%
1772,91%,weaselslider [SRoT],6196,1.01,34%,1.06,266,276.1,3%,24%,66%,4%,3%
1761,91%,Perichrone,16882,1.28,21%,0.78,267,276.3,26%,12%,21%,52%,14%
1745,91%,Cla [KCom],3553,1.45,44%,1.71,287,276.6,-15%,16%,35%,34%,3%
1744,91%,DuskCanine4 [MGSq],2478,1.06,28%,1.07,271,276.6,,29%,12%,23%,25%
1739,91%,Umbraldancer,9644,1.18,29%,1.22,271,276.7,10%,22%,18%,20%,37%
1713,91%,Almighty Pickle,2381,1.18,36%,1.48,277,277.2,-11%,14%,14%,26%,36%
1699,91%,CatznDogz [BYCB],14130,1.24,39%,1.2,262,277.4,-6%,17%,21%,22%,39%
1675,91%,SirArminius,12875,0.83,29%,1.03,263,277.9,4%,39%,27%,20%,13%
1656,92%,Plato J [2d20],6593,1.1,32%,0.96,276,278.2,9%,8%,17%,32%,38%
1635,92%,Resting_Cthulhu,1462,0.9,33%,1.02,273,278.4,-27%,19%,42%,33%,2%
1633,92%,halflen,1323,1.04,33%,1.25,273,278.5,22%,24%,21%,19%,27%
1580,92%,Ruta,2479,1.17,35%,1.03,260,279.5,1%,75%,24%,1%,0%
1577,92%,Stomps McStomperton,666,0.92,32%,1.55,286,279.5,8%,5%,9%,21%,26%
1517,92%,DeliiT,850,1.07,35%,1.16,281,280.4,-3%,10%,21%,45%,20%
1496,92%,Fayehilt,2066,1.01,27%,1.2,274,280.8,1%,27%,27%,32%,5%
1492,92%,thearticulategrunt [WMK],7698,0.88,29%,1.09,268,280.8,13%,8%,7%,25%,50%
1482,92%,Pickle1313 [BP],6524,0.84,31%,1.52,252,281,20%,82%,3%,4%,6%
1449,93%,Brenta [CDU],4660,0.96,31%,1.44,272,281.8,16%,50%,10%,10%,22%
1429,93%,FiveDay [CR1T],8701,0.99,31%,1.05,267,282.4,26%,30%,33%,23%,10%
1372,93%,Duck9834,2002,1.18,33%,1.18,280,283.4,-5%,20%,42%,24%,4%
1362,93%,Carlson [SRoT],6543,1.29,44%,1.85,295,283.5,-1%,1%,16%,61%,13%
1306,93%,CursedApophis [BP],790,1.05,29%,1.12,274,284.9,7%,41%,6%,34%,6%
1295,93%,Spyder Cochon,9988,1.31,41%,1.9,326,285.2,-11%,27%,39%,26%,7%
1292,93%,Klappspaten,3609,1.14,31%,1.24,273,285.2,,11%,27%,33%,19%
1275,94%,Kingjohnjr,941,1.08,28%,1.47,281,285.8,4%,13%,4%,23%,48%
1252,94%,Wobbly [ARMD],7709,1.32,37%,1.3,278,286.3,29%,2%,16%,46%,30%
1212,94%,Snowlulz,2711,0.99,32%,1.19,283,287.5,22%,11%,34%,45%,9%
1207,94%,ChairGlue [MGSq],15024,1.12,36%,1.15,283,287.6,16%,19%,29%,26%,26%
1189,94%,theman265 [SRoT],1485,0.84,31%,0.99,210,288.1,,34%,21%,25%,9%
1178,94%,Nuisancebeast [BP],2833,0.97,31%,1.08,263,288.4,10%,85%,8%,2%,0%
1159,94%,Rofyu [SBRS],6912,1.04,33%,1.21,280,289,27%,23%,24%,24%,26%
1150,94%,Papaspud [SRoT],34660,1.03,28%,1.11,282,289.1,2%,17%,25%,43%,14%
1139,94%,Monsoon Cloudburst [256],26998,1.04,25%,1.01,284,289.3,,5%,19%,35%,40%
1074,95%,Threee [OP-4],3205,1.28,35%,1.45,281,291.3,5%,45%,22%,9%,17%
1062,95%,Mister Lizard,2145,1.15,28%,1.42,293,291.8,4%,4%,12%,19%,58%
1040,95%,T4Quad,2650,1.25,29%,1.11,297,292.5,24%,6%,4%,10%,76%
1033,95%,Majorchaos [BTD],3295,1.25,43%,1.59,279,292.9,6%,26%,40%,26%,2%
1025,95%,Azur le Sylvestre,35392,1.02,34%,1.22,286,293.2,27%,10%,30%,24%,35%
1023,95%,T H E G W I Z,1544,1.1,33%,1.15,296,293.2,5%,3%,22%,39%,31%
985,95%,Zloi strelok [MW-F],20840,1.35,35%,1.35,297,294.4,2%,15%,23%,32%,28%
979,95.03%,Sargent Sunar,1006,1.21,35%,1.7,291,294.6,4%,25%,34%,15%,22%
928,95.29%,Sarahndipity [2d20],990,1.47,30%,1.26,280,296.2,,57%,11%,17%,10%
924,95.31%,Miriage [C-XF],6706,1.24,38%,1.42,283,296.4,56%,19%,27%,33%,18%
910,95.38%,CaptainRexx [ICOB],3589,1.03,30%,1.37,243,297.3,,17%,12%,24%,34%
899,95.43%,EV DTA-187 [228H],9732,1.11,30%,1.09,288,297.5,35%,22%,16%,17%,45%
891,95.47%,under cover,2410,1.03,34%,1.71,280,297.9,21%,35%,20%,18%,16%
870,95.58%,TomatoTyson,3062,1.11,32%,1.26,296,298.6,,12%,26%,35%,24%
862,95.62%,Jormangunder,5860,1.49,36%,1.22,292,298.8,,8%,13%,29%,44%
840,95.73%,JiyuuJisatsu,3779,1.07,39%,1.42,287,299.6,35%,36%,20%,21%,19%
824,95.81%,FCVanillaICE,6384,1.26,42%,1.79,303,300.3,2%,7%,16%,25%,51%
803,95.92%,JintoLengley [MW-F],19820,1.21,34%,1.29,283,301,19%,10%,25%,22%,41%
790,95.99%,Gryphon Space [228],7348,1.66,30%,1.32,299,301.7,19%,2%,4%,27%,64%
784,96.02%,Numeritor,16040,1.18,37%,1.4,292,302,19%,23%,27%,30%,20%
767,96.10%,CanadianCyrus [2d20],5008,1.24,36%,1.15,300,302.8,3%,13%,23%,34%,26%
752,96.18%,GrillSquad [(ME)],4876,1.72,40%,1.31,296,303.4,11%,16%,15%,31%,33%
743,96.23%,scyter98 [256],6438,1.13,26%,0.96,287,303.7,19%,34%,17%,24%,22%
725,96.32%,Therax [-SA-],8795,1.39,35%,1.3,298,304.3,16%,11%,23%,39%,22%
701,96.44%,AtomCore [FJRD],5212,1.15,33%,1.75,303,305.6,,7%,19%,37%,33%
700,96.44%,The Legend of Kelda [AW],6624,1.41,29%,1.2,311,305.6,19%,3%,20%,39%,34%
699,96.45%,DasMeenLeem,2153,1.17,37%,1.24,310,305.7,26%,0%,4%,28%,60%
684,96.53%,Air Rifle77,13938,1.07,23%,1.27,287,307,22%,21%,18%,20%,39%
664,96.63%,EOD DEMO,7926,1.08,31%,1.01,294,308.1,20%,16%,28%,34%,20%
657,96.66%,Val Arin [ROZE],18682,1.12,31%,1.13,296,308.5,6%,20%,20%,31%,29%
654,96.68%,Leonitas,17006,1.3,37%,1.33,282,308.6,,20%,40%,28%,11%
647,96.71%,Tonu,1008,1.18,38%,1.4,306,309.1,,20%,25%,30%,18%
646,96.72%,Kastarion,17620,1.31,33%,1.44,298,309.1,5%,17%,17%,31%,34%
640,96.75%,ghostrider [OP-4],6474,1.17,34%,1.31,291,309.4,33%,18%,26%,32%,19%
613,96.89%,Fire Ant [228R],3524,1.24,42%,1.69,289,311,26%,41%,22%,17%,10%
611,96.90%,Artemus Prime,6031,1.21,34%,1.22,287,311.1,42%,17%,24%,25%,31%
602,96.94%,night of fire [C-XF],3554,1.86,41%,1.61,309,311.8,0%,16%,19%,23%,39%
597,96.97%,Towarzysz [-EQ-],5999,1.29,38%,1.66,301,311.9,27%,8%,17%,30%,38%
595,96.98%,WayOwenZ [OP-4],14373,1.23,38%,1.41,291,312.1,16%,48%,24%,17%,10%
592,96.99%,SecondSystem,3640,1.24,40%,1.77,314,312.3,2%,20%,23%,31%,24%
562,97.15%,Rosarius [228H],6445,1.28,35%,1.35,303,314.1,34%,11%,21%,24%,35%
541,97.25%,Vixellet,6165,1.08,39%,2.04,314,315.6,-11%,12%,24%,35%,27%
532,97.30%,Rabbid0Squirrel [(ME)],6727,1.41,42%,1.98,299,316.2,18%,34%,21%,23%,19%
530,97.31%,Itsalrightwithme [-SA-],13126,1.31,48%,1.89,310,316.3,8%,12%,22%,34%,31%
525,97.33%,Lord Phills [228H],4998,1.45,38%,1.87,286,316.8,30%,70%,3%,18%,4%
518,97.37%,Hun Yang,4631,1.19,33%,1.46,309,317.6,20%,10%,10%,29%,47%
514,97.39%,Slough Feg-Lo-Wang [-42-],3825,1.18,42%,1.65,315,317.9,-2%,8%,45%,35%,7%
504,97.44%,Samziel,7748,1.28,31%,1.26,308,318.5,30%,16%,23%,28%,30%
502,97.45%,Hunter Tseng [C-XF],9676,1.54,46%,2.48,371,318.6,-7%,5%,9%,26%,58%
496,97.48%,Dubious Squirrel [CSPS],23683,1.23,36%,1.34,295,318.9,8%,29%,30%,25%,15%
491,97.51%,Linksrevenge [CSPS],12683,1.35,40%,1.81,307,319.3,31%,9%,10%,46%,32%
490,97.51%,Winters Rigor,3374,1.79,49%,1.9,330,319.3,-4%,4%,3%,21%,67%
477,97.58%,redbearin [228R],5430,1.54,42%,1.73,315,320,-3%,11%,5%,34%,46%
471,97.61%,PinkyFeldman [228R],10417,1.24,41%,1.63,321,320.4,8%,4%,4%,11%,79%
450,97.72%,JimmyWithAnE,5148,1.24,35%,1.59,293,322.7,27%,60%,17%,9%,6%
446,97.74%,Eluzian [OP-4],10842,1.2,37%,1.45,302,323.2,36%,14%,23%,37%,23%
435,97.79%,Asuka Langley Best Grill,2254,1.39,43%,2.06,322,324.1,2%,23%,15%,26%,36%
434,97.80%,DClouds,10239,1.15,37%,1.59,296,324.2,19%,54%,25%,10%,10%
426,97.84%,Verradin,3724,1.33,36%,1.19,317,324.7,22%,23%,29%,27%,18%
420,97.87%,Arthen00 [FJRD],10829,1.3,32%,1.24,284,325.1,,8%,31%,27%,30%
415,97.89%,stoolsoftener [ISMO],12651,1.98,49%,2.67,329,325.6,2%,10%,30%,24%,32%
414,97.90%,shadowace007,8012,1.34,36%,1.41,305,325.6,40%,24%,33%,18%,21%
411,97.91%,epikt [1-FR],19780,1.38,39%,1.81,315,325.7,11%,40%,34%,11%,14%
408,97.93%,Windscape [42nd],19499,1.53,35%,1.49,307,326.1,12%,20%,15%,33%,30%
399,97.98%,levitas [SRoT],4784,1.34,36%,1.4,321,327.3,8%,9%,49%,13%,23%
394,98%,Nikoro Doomguard [C-XF],19852,1.85,48%,2.32,308,327.8,15%,2%,15%,21%,59%
391,98.02%,Zelnayga [ISMO],8972,2.17,47%,2.14,304,328.1,12%,16%,22%,35%,22%
382,98.06%,smokefield [BMMU],10793,1.35,43%,1.64,324,329.3,5%,2%,17%,38%,42%
379,98.08%,TheGhostofWinter,6047,1.14,41%,1.63,299,329.5,19%,39%,27%,19%,8%
371,98.12%,White Glint,320,2.49,49%,2.13,370,330.3,-19%,27%,12%,6%,45%
370,98.12%,trans catgirl,13496,1.23,38%,1.71,307,330.4,,17%,29%,24%,27%
368,98.13%,CaLL Me GiL [(ME)],7957,1.62,39%,1.64,309,330.5,,21%,24%,28%,22%
359,98.18%,J a y [ISMO],7574,2.16,40%,2.05,304,331.8,,3%,11%,30%,49%
356,98.19%,AscendingPotato,3516,1.22,36%,1.58,329,331.8,8%,6%,9%,28%,53%
341,98.27%,WarlordKnight,4082,1.34,38%,1.97,329,333.1,13%,22%,18%,26%,32%
340,98.28%,TopHatFerret [2d20],5086,1.28,43%,2.16,323,333.1,-3%,28%,26%,22%,24%
339,98.28%,Xiphias [BS-K],5592,1.83,47%,2.63,329,333.2,-6%,43%,25%,17%,9%
336,98.30%,Thegreatdive [2D20],10036,1.4,35%,1.48,320,333.9,15%,31%,25%,19%,24%
326,98.35%,Luminios,8435,1.43,39%,1.7,330,335.1,13%,5%,20%,22%,51%
318,98.39%,geordi [2d20],3964,1.54,43%,1.63,317,336.1,24%,47%,36%,10%,4%
314,98.41%,fritzor [CWM],17488,1.51,39%,1.71,336,336.7,-6%,18%,19%,29%,32%
309,98.43%,NotXanderpeach,2442,2.25,48%,2.51,338,337.2,10%,5%,13%,33%,42%
307,98.44%,Paradox42 [(ME)],12201,2.01,53%,2.22,303,337.7,19%,9%,36%,38%,15%
306,98.45%,RealLyte [SRoT],4285,1.29,37%,1.43,337,337.7,8%,5%,40%,19%,34%
301,98.47%,P4TCHY,4938,1.52,49%,1.71,322,338.6,4%,46%,33%,20%,0%
280,98.58%,Revostae [AW],5089,1.21,44%,1.91,319,341.2,29%,14%,10%,46%,24%
267,98.65%,Lollerisms [228H],3169,1.32,36%,1.53,343,343.2,21%,9%,11%,31%,47%
260,98.68%,Yesin [ATUN],2059,1.27,41%,2.4,346,343.9,14%,11%,12%,31%,45%
252,98.72%,vidjahgames,4381,2.12,58%,3.43,352,345.6,,7%,18%,37%,34%
242,98.77%,Aivazovsky [WDGA],28382,1.7,43%,1.83,320,347.1,14%,8%,16%,33%,42%
240,98.78%,TekDriveTruck [BTD],11702,1.29,46%,2.13,335,347.3,1%,7%,31%,31%,27%
229,98.84%,Kalsarikaennit,22949,1.8,47%,2.23,348,349.3,9%,10%,23%,25%,42%
227,98.85%,Jimmy the Jim Jimmies [1CR],8651,1.35,47%,2.5,309,349.5,14%,71%,11%,7%,7%
225,98.86%,spartan133t,4528,1.33,38%,1.98,332,350,30%,13%,20%,29%,34%
211,98.93%,CAUTERIZER [1-FR],3412,1.72,45%,2.3,353,353.2,,19%,11%,13%,54%
193,99.02%,Taitetsu,22208,1.9,50%,2.37,332,356.6,38%,33%,22%,15%,29%
192,99.03%,TremZaLysiS,5084,1.46,38%,1.8,370,356.8,-4%,1%,9%,16%,70%
191,99.03%,qopx,6884,1.32,31%,1.45,346,357.4,12%,36%,35%,9%,18%
188,99.05%,Rathnor1 [C-XF],11964,1.64,46%,2.51,359,357.7,2%,22%,29%,15%,29%
186,99.06%,Edward Ash [SRoT],2885,1.81,45%,2.02,361,357.9,-7%,9%,31%,23%,33%
185,99.06%,Calogero Nostra [DG],19235,1.78,45%,1.95,342,358.1,28%,24%,20%,29%,28%
177,99.10%,ChapDude [BS-K],1782,2.29,50%,2.72,360,359.6,-15%,2%,19%,50%,24%
176,99.11%,Crenuxe,4515,1.96,44%,2.28,333,359.9,12%,3%,20%,51%,24%
173,99.13%,His own Slave [DG],8138,2.62,58%,2.81,351,360.3,13%,22%,34%,20%,22%
171,99.14%,unFearing [-SA-],11228,2.61,56%,3.23,381,360.9,-15%,1%,11%,19%,63%
164,99.17%,Stimraug [EmP],7883,2.38,52%,3.2,368,362.3,,24%,9%,14%,46%
161,99.19%,Schonnes [KDCM],10079,1.16,40%,1.94,333,362.9,12%,34%,26%,20%,15%
160,99.19%,Heavenwarrior [228R],18261,1.66,47%,2,356,363.1,13%,2%,25%,37%,35%
152,99.23%,oioioituga,3015,1.41,43%,2.57,370,365.8,3%,1%,6%,10%,78%
150,99.24%,PrimeMehster [228R],7392,1.35,42%,1.8,345,366.1,16%,17%,22%,26%,27%
147,99.26%,Sobun,785,1.38,43%,2.3,368,367.4,,14%,37%,28%,20%
142,99.28%,Panzazo [SRoT],5622,1.31,47%,2.1,344,370,32%,21%,38%,25%,14%
141,99.29%,OettingerRakete [ABIN],16957,1.76,46%,1.98,321,370.2,31%,20%,31%,27%,20%
134,99.32%,Lusankya [BTD],7707,1.59,44%,2.4,378,373.6,4%,16%,30%,31%,19%
133,99.33%,wargnome,20758,2.05,53%,2.55,341,374.1,26%,30%,19%,23%,29%
124,99.37%,andy5689 [FJRD],9339,1.21,32%,1.66,341,376.2,26%,16%,17%,16%,48%
113,99.43%,EmilTR [TCAF],8304,1.47,36%,1.68,360,379.6,36%,12%,17%,27%,43%
108,99.46%,RedNeckGeek [ABIN],11256,3.12,56%,2.69,372,382.1,12%,21%,37%,18%,23%
107,99.46%,Navid A1 [JGx],23137,2.49,60%,3.83,376,382.4,,23%,17%,23%,36%
104,99.48%,S U L T A N [1-FR],6137,1.67,48%,2.28,380,383,26%,9%,9%,13%,68%
103,99.48%,Saikyou [-EQ-],15595,2.53,50%,2.65,377,383,-4%,4%,10%,30%,55%
99,99.50%,a6bc,4635,1.21,42%,1.89,334,385,71%,21%,18%,25%,30%
97,99.51%,GweNTLeR [EVIL],11712,1.7,42%,2.55,380,386.2,7%,8%,22%,41%,25%
96,99.52%,Tiy0s [ABIN],8230,2.38,40%,2.31,374,386.5,34%,16%,22%,22%,34%
95,99.52%,Black Caiman [SRoT],43362,1.43,50%,3.25,366,386.5,31%,14%,36%,26%,25%
92,99.54%,Dr Cara Carcass,5651,1.6,52%,2.38,390,387.2,-1%,2%,62%,20%,12%
90,99.55%,Yami No Tenshi [228R],3527,1.87,41%,2.27,392,387.4,,7%,23%,21%,45%
84,99.58%,Shineplasma [AMR],6844,1.79,47%,2.32,368,389.3,,26%,23%,24%,23%
78,99.61%,PeteZonee [C-XF],9277,2.25,52%,3.14,382,393.3,8%,3%,14%,43%,35%
76,99.62%,Cephylist [256],4246,1.39,34%,1.75,368,394.6,30%,7%,51%,20%,12%
75,99.62%,Yorshka [228R],10327,2.01,45%,2.75,391,394.9,,4%,9%,19%,64%
71,99.64%,Bows3r [ABIN],28966,3.67,55%,3.94,410,398.7,-4%,10%,14%,29%,45%
66,99.67%,Nonu [JINX],39151,1.58,48%,2.95,389,404,4%,13%,25%,27%,34%
65,99.67%,Da Red Goes DA FASTA [EON],4258,2.78,56%,3.79,394,404.4,2%,27%,19%,25%,22%
62,99.69%,1e0n,15984,2.35,54%,3.29,407,405.5,1%,18%,22%,18%,41%
60,99.70%,Monarch 6-4 [FJRD],7423,1.88,37%,2.06,401,406,9%,15%,15%,18%,51%
56,99.72%,A r z a c h [1-FR],5679,1.81,46%,2.48,388,407.9,25%,13%,18%,20%,47%
52,99.74%,Bassault [-EQ-],12683,3.22,53%,3.66,427,414.8,1%,1%,2%,3%,92%
51,99.75%,Extra_Better,10567,2.47,56%,3.14,405,415.2,-7%,15%,34%,28%,22%
45,99.78%,pald84,7768,2.06,49%,2.72,402,418.6,3%,3%,56%,16%,23%
44,99.78%,NeirSolon,13508,1.6,56%,3.19,395,420.5,-1%,25%,37%,33%,2%
36,99.82%,Lurm God [JGx],14731,2.06,39%,2.19,404,426.5,35%,7%,15%,25%,49%
35,99.83%,GeeRam [-EQ-],22481,2.37,47%,2.88,412,429.6,19%,10%,16%,25%,49%
33,99.84%,-jbv-,1190,1.7,45%,2.66,406,434.8,-11%,79%,3%,0%,6%
31,99.85%,Jiffy [JGx],30348,2.71,63%,5.11,415,435.5,16%,9%,9%,33%,47%
29,99.86%,HydroKyle240 [(ME)],8451,2.78,61%,3.74,409,438.7,9%,7%,41%,35%,15%
24,99.88%,KIPPERS [V1LE],6476,2.05,53%,3.57,414,440.3,16%,16%,12%,24%,44%
22,99.89%,Jay Z [228R],19010,2.6,40%,2.49,436,444.3,25%,12%,15%,17%,53%
21,99.90%,Cpt Leprechaun [V1LE],8175,3.26,63%,4.45,433,446.8,19%,11%,10%,31%,43%
13,99.94%,Xephron,7222,2.17,52%,3.08,425,464.6,17%,23%,14%,38%,23%
10,99.95%,dario03 [JGx],10508,2.47,61%,4.66,424,472.5,21%,59%,7%,9%,20%
5,99.98%,Hat [ABIN],4520,4.92,61%,4.63,512,507.3,-2%,14%,24%,13%,49%
3,99.99%,Logic Prime,9644,2.38,57%,3.56,515,508.8,2%,2%,34%,25%,39%
Retired,,TheDarkEvo,966,1.08,29%,1.1,272,276,,26%,26%,22%,18%
Not Found,,Gerb,,,,,,,,%,%,%,%
Retired,,Saiclopz,148,0.85,15%,0.48,176,111.4,,7%,16%,26%,45%
Retired,,Bolt115,1622,1.09,28%,1.19,266,272.7,,27%,26%,28%,10%
Retired,,07th ZaIn [2d20],2833,1.12,18%,0.64,233,246.3,,49%,22%,13%,11%
Retired,,beerions [2d20],4015,1.04,30%,0.87,243,249.4,,27%,19%,34%,16%
Retired,,jep00,2007,0.79,28%,0.58,173,133.2,,1%,23%,47%,22%
Retired,,StuffYouFear [BTD],6178,1.41,39%,1.33,268,280.4,,38%,26%,14%,12%
Retired,,dottore04 [CTFR],1076,0.85,16%,0.34,153,153.7,,1%,11%,49%,26%
Retired,,Mitaine23 [CTFR],3645,1.02,29%,1.18,260,260,,14%,8%,14%,58%
Retired,,optimus prime 7,162,1.19,17%,0.7,242,162.1,,0%,27%,50%,12%
Retired,,Foy5,23942,0.96,21%,0.82,240,252.1,,10%,32%,31%,25%
Retired,,Jean Courage,471,1,26%,1,292,281.2,,11%,27%,29%,21%
Retired,,Mono Lithian [CDU],2067,0.91,26%,0.76,199,216.4,,22%,34%,16%,7%
Retired,,The Jewce Iz Loose [DP-S],9219,1.62,40%,1.65,328,367.5,,2%,14%,38%,43%
Not Found,,Lord Corvin,,,,,,,,%,%,%,%
Not Found,,Mr.Flextape,,,,,,,,%,%,%,%
Retired,,Dithiolium [256],10717,1.12,38%,1.46,292,305.7,,54%,16%,19%,8%
Retired,,Heer [228],10308,1.15,35%,1.04,245,250.6,,23%,35%,20%,19%
Retired,,LAHIRE [256],4673,0.94,35%,1.45,260,259.2,,5%,11%,29%,49%
Retired,,Cupid and Psyche,52,1.17,42%,1.7,269,83.3,,23%,33%,0%,0%
Retired,,KH Slaine [OP-4],10602,0.89,27%,0.9,253,289.3,,15%,21%,37%,24%
Retired,,HankRearden [SBRS],2143,1.06,28%,1.01,255,249.1,,0%,5%,42%,47%
Not Found,,Grater Authority,,,,,,,,%,%,%,%
Not Found,,Phat Samurai [SBRS],,,,,,,,%,%,%,%
Not Found,,Phartknocker,,,,,,,,%,%,%,%
Not Found,,AH_Its_Skeletor,,,,,,,,%,%,%,%
Retired,,Wraith Darkstar [BPL],2980,0.92,19%,0.67,219,224.3,,6%,11%,42%,27%
Not Found,,theginningthief,,,,,,,,%,%,%,%
Retired,,FSuperfly [BPL],8045,0.84,28%,0.88,244,263.6,,29%,30%,31%,7%
Retired,,milsurp mephostophiles [BPL],4093,1,28%,0.94,239,242.4,,17%,19%,20%,37%
Not Found,,canopus_cat,,,,,,,,%,%,%,%
Retired,,Sushi Destructo [BPL],929,1.05,29%,1,266,260.7,,2%,2%,27%,53%
Retired,,tangoforone [BPL],1826,0.92,23%,0.66,233,251.8,,16%,28%,15%,22%
Retired,,0FsU0Slayer,1441,1.08,29%,1.34,253,279,,85%,5%,2%,5%
Retired,,Dani130,1583,1.05,27%,0.86,235,234.2,,9%,2%,16%,64%
Retired,,DimitriusVoldun,2632,0.78,16%,0.5,180,179.7,,21%,8%,21%,50%
Retired,,xXTraitorXx [TuF],8439,1.15,34%,1.42,274,270.4,,24%,15%,23%,33%
Retired,,kyle112199 [CR1T],2045,1.15,34%,1.16,255,260.4,,14%,16%,28%,27%
Not Found,,Valdar,,,,,,,,%,%,%,%
Not Found,,GravelNeck,,,,,,,,%,%,%,%
Not Found,,Hadriel,,,,,,,,%,%,%,%
Not Found,,DustyHoward,,,,,,,,%,%,%,%
Retired,,CalicoDragon,2003,1.05,28%,1.05,240,242.9,,16%,25%,19%,32%
Retired,,Shaze Darkflame [2d20],5829,0.92,38%,1.19,257,255.6,,5%,22%,46%,22%
Retired,,Taeryr [2d20],2035,1.17,39%,1.6,331,339.5,,33%,21%,18%,21%
Retired,,IndgoMan [2d20],12820,1.32,37%,1.64,299,298.1,,8%,19%,44%,27%
Retired,,B1ight [SRoT],88,1.15,36%,1.21,265,121.4,,0%,0%,81%,14%
Retired,,maghorn,1682,0.91,22%,0.67,201,162.9,,0%,1%,1%,96%
Not Found,,GenderlessDeity,,,,,,,,%,%,%,%
Retired,,FoeFyre [AW],4358,1.03,32%,1.27,294,292.4,,8%,17%,56%,14%
Retired,,Alex545 [AW],5761,1.42,47%,2.26,341,349.9,,5%,33%,46%,11%
Retired,,Cosmoses,5316,1.21,34%,1.4,296,296.1,,13%,22%,34%,27%
Retired,,Ktula Matata [AW],6367,1.16,24%,0.72,239,238.5,,9%,15%,60%,12%
Retired,,CaptainIvan,1763,1,26%,0.81,223,225.6,,5%,26%,37%,23%
Not Found,,Archon Ent,,,,,,,,%,%,%,%
Retired,,Zuul the Burninator [AW],8010,1.29,33%,1.2,295,293.8,,5%,32%,31%,31%
Retired,,Not Bob [AW],3174,1.78,48%,2.56,381,385.2,,3%,29%,32%,24%
Retired,,OpticSeagull [SRoT],17376,1.07,31%,0.99,238,240.1,,6%,23%,28%,42%
Retired,,Tux,38,5.33,50%,1.26,172,,,13%,50%,37%,0%
Retired,,Metafox [SRoT],1916,1.36,41%,1.4,272,274.9,,12%,45%,19%,5%
Retired,,Manxfire,8029,1.05,31%,0.98,258,252.5,,7%,24%,41%,25%
Retired,,Throe [CR1T],5439,1.12,34%,1.16,279,284.9,,7%,17%,52%,16%
Retired,,Faek [C-XF],3813,1.08,34%,1.27,246,261.6,,45%,27%,19%,3%
Retired,,TotallyNotBiased,1153,1.55,40%,1.26,305,304.8,,19%,12%,30%,36%
Not Found,,Liveish,,,,,,,,%,%,%,%
Retired,,King Crab IIC,50,0.67,36%,1.03,221,64,,0%,40%,0%,32%
Retired,,Pizzle Whip [256],5413,1.13,33%,1.2,258,257.7,,3%,17%,34%,43%
Retired,,Midavl,1086,1.12,41%,1.34,287,290,,12%,75%,7%,0%
Retired,,Psychonix,1411,0.96,24%,0.87,242,246.9,,25%,22%,24%,12%
Retired,,Boomeagle,643,1,36%,1.16,261,259,,4%,16%,25%,29%
Retired,,Muz0079,8274,1,33%,1.38,246,240.6,,2%,10%,38%,48%
Retired,,alphieus [DP-S],3317,1.16,37%,1.28,277,275.1,,28%,13%,18%,26%
Retired,,Indigo Bowra,8688,0.97,32%,1.15,252,252.6,,10%,21%,39%,28%
Retired,,Rist138,5225,0.95,28%,0.86,260,260,,4%,19%,56%,17%
Retired,,RamenFTW,10067,1.18,35%,1.11,258,264.1,,17%,30%,32%,19%
Retired,,D U N E [ISEN],8606,1.33,39%,1.67,295,318.5,,37%,26%,21%,13%
Retired,,Lief Kynes [2d20],3689,0.99,33%,1.08,266,262.2,,7%,75%,6%,4%
Retired,,Dajegas [(ME)],15157,1.19,33%,1.11,243,281.7,,9%,15%,31%,42%
Retired,,AlphariusCursor [228H],698,1.49,37%,1.38,264,258.8,,12%,2%,29%,47%
Retired,,Darling_In_The_MeXX [228H],2200,1.26,37%,1.64,275,283.1,,33%,19%,23%,15%
Retired,,wubbey [228H],2792,1.2,32%,1.08,268,269.2,,15%,15%,24%,32%
Retired,,Techpriest Warlord Von Shrizyl [228H],294,1.7,32%,1.88,339,298.9,,16%,4%,7%,40%
Retired,,HammerFell- [228H],3689,1.12,28%,1.13,290,287.3,,9%,16%,20%,46%
Retired,,vatek [SRoT],4502,1.2,36%,1.4,303,312.3,,18%,34%,33%,13%
Retired,,Private skittles [OP-4],3346,1.63,40%,1.73,340,343.6,,13%,8%,24%,50%
Retired,,Gadolinium64 [SRoT],13430,1.64,50%,2.91,364,421.2,,16%,25%,20%,37%
Retired,,CptJudas [-SA-],16348,1.68,51%,2.51,337,352.5,,15%,28%,35%,20%
Retired,,Neon30,2163,1.22,36%,1.45,278,289.9,,22%,25%,14%,30%
Not Found,,Colonel David Renard,,,,,,,,%,%,%,%
Retired,,Three Cats In A Trench Coat,26,0.86,23%,1.3,340,59.2,,50%,0%,0%,0%
Retired,,ArtilleryHamster [FJRD],3183,1.27,31%,1.21,264,282.1,,63%,22%,4%,4%
Retired,,MechDiddy,53,2,40%,1.72,290,93.7,,45%,55%,0%,0%
Retired,,rjsc2006 [228R],10018,1.73,40%,2.32,395,400.4,,18%,15%,20%,46%
Not Found,,GLadDOSauR,,,,,,,,%,%,%,%
Retired,,SirEpicPwner [228R],8210,1.65,47%,2.79,363,372,,18%,24%,27%,28%
Retired,,WhiskeyTangoFox007,3754,1.58,43%,1.93,343,372.5,,3%,8%,24%,61%
Retired,,StoneTempleCopilot [ISMO],9457,1.73,46%,2.08,332,343.7,,9%,18%,38%,32%
Retired,,toribell,27,1.7,30%,0.42,142,24.7,,0%,0%,37%,0%
Retired,,giggitygiggitygoo [KDCM],9903,1.67,43%,1.73,331,366.1,,20%,19%,28%,28%
Retired,,Val_Z [ISEN],1506,1.33,36%,1.74,349,349.5,,25%,17%,9%,45%
Retired,,Lousyten [C-XF],2509,2.5,56%,2.52,364,366.5,,15%,34%,32%,13%
Retired,,Capn Cat [C-XF],13487,1.81,46%,2.02,313,321.7,,18%,25%,22%,32%
Retired,,CarbonFire [(ME)],3377,2.42,46%,2.18,337,337.1,,1%,12%,22%,54%
Retired,,GROLSCH [JGx],16005,1.96,41%,2.14,335,351.6,,17%,14%,11%,55%
Retired,,PASHA [JGx],2767,5.55,77%,8.36,450,447.7,,2%,5%,11%,72%
Retired,,Krasnopesky [JGx],11319,2.39,58%,4.38,417,468.1,,20%,16%,14%,47%
Retired,,JP Jango [JGx],3123,1.95,51%,2.89,420,438.9,,39%,46%,6%,2%
,,,,,,,,,,,,,
,,,,,,,,,,,,,
Rank,Percentile,Games Played,W/L Ratio,Survive Rate,K/D Ratio,Average Score,Adjusted Score,Progress,,,,,
3562,81.88%,3338195,1.29,37%,1.48,281,284.7,8%,,,,,
,,,,,,,,,,,,,
ad was blocked,,,,,,,,,,,,,
,,,,,,,,,,,,,
Database Season: 114,,,,,,,,,,,,,
Database last modified: 10 February 2026,,,,,,,,,,,,,
"Current active players: 19,662",,,,,,,,,,,,,
"Current retired players: 369,171",,,,,,,,,,,,,
,,,,,,,,,,,,,
Ranks are determined by adjusted match score for players who have been active in the last three months.,,,,,,,,,,,,,
"Players who have stopped playing are still tracked but are placed into ""retirement"". They will be placed back into ranks if they return but",,,,,,,,,,,,,
their latest performance will have significant effect on their placement when returning.,,,,,,,,,,,,,
,,,,,,,,,,,,,
How Adjusted Score Formula is calculated: ((Season Average Match Score)*((Season#+1)^1.8))*(-(1.007^(-TotalGamesPlayed)-1))*(ClassMultiplier),,,,,,,,,,,,,
"This will give full score around 500 games and each new season is weighed higher than the last. After this, the score is adjusted based on classes played.",,,,,,,,,,,,,
,,,,,,,,,,,,,
The weight class coefficients are derived from each classes' recent global performance. The current class weights are:,,,,,,,,,,,,,
"Light: 1.1, Medium: 1, Heavy: 1, Assault: 0.95.",,,,,,,,,,,,,
,,,,,,,,,,,,,
Progress is the progress a pilot has made in the current season compared to their average score.,,,,,,,,,,,,,