Division,Team,Pilot
Division A,The Coalition - EU,JP Jango
Division A,The Coalition - EU,GeeRam
Division A,The Coalition - EU,Krasnopesky
Division A,The Coalition - EU,PASHA
Division A,The Coalition - EU,Bassault
Division A,The Coalition - EU,Towarzysz
Division A,The Coalition - EU,dario03
Division A,The Coalition - EU,Navid A1
Division A,The Coalition - EU,Stimraug
Division A,The Coalition - EU,Shineplasma
Division A,The Coalition - EU,GROLSCH
Division A,The Coalition - EU,Jiffy
Division A,The Coalition - EU,CarbonFire
Division A,Clan Crossfire - AP,PeteZonee
Division A,Clan Crossfire - AP,Capn Cat
Division A,Clan Crossfire - AP,Nikoro Doomguard
Division A,Clan Crossfire - AP,Night of Fire
Division A,Clan Crossfire - AP,Lurm God
Division A,Clan Crossfire - AP,Lousyten
Division A,Clan Crossfire - AP,Rathnor1
Division A,Clan Crossfire - AP,Crenuxe
Division A,Clan Crossfire - AP,Wobbly
Division A,Clan Crossfire - AP,Val_Z
Division A,KDCM XXXII: No-Fly List - NA,J a y
Division A,KDCM XXXII: No-Fly List - NA,Tiy0s
Division A,KDCM XXXII: No-Fly List - NA,Bows3r
Division A,KDCM XXXII: No-Fly List - NA,Rowtuh
Division A,KDCM XXXII: No-Fly List - NA,Schonnes
Division A,KDCM XXXII: No-Fly List - NA,Giggitygiggitygoo
Division A,KDCM XXXII: No-Fly List - NA,toribell
Division A,KDCM XXXII: No-Fly List - NA,StoneTempleCopilot
Division A,KDCM XXXII: No-Fly List - NA,Hun Yang
Division A,KDCM XXXII: No-Fly List - NA,Jormangunder
Division A,KDCM XXXII: No-Fly List - NA,Stoolsoftener
Division A,KDCM XXXII: No-Fly List - NA,Zelnayga
Division A,KDCM XXXII: No-Fly List - NA,WhiskeyTangoFox007
Division A,228R Gleapers - NA,redbearin
Division A,228R Gleapers - NA,SirEpicPwner
Division A,228R Gleapers - NA,Fire Ant
Division A,228R Gleapers - NA,GLadDOSauR
Division A,228R Gleapers - NA,Jay Z
Division A,228R Gleapers - NA,a6bc
Division A,228R Gleapers - NA,Yorshka
Division A,228R Gleapers - NA,Windscape
Division A,228R Gleapers - NA,Luminios
Division A,228R Gleapers - NA,PinkyFeldman
Division A,228R Gleapers - NA,White Glint
Division A,228R Gleapers - NA,PrimeMehster
Division A,228R Gleapers - NA,rjsc2006
Division A,228R Gleapers - NA,MechDiddy
Division A,228R Gleapers - NA,Someone Stole My Sweetroll
Division A,228R Gleapers - NA,Perichrone
Division A,228R Gleapers - NA,ArtilleryHamster
Division A,228R Gleapers - NA,Hamster AKA Bird
Division A,OMIT - EU,Xephron
Division A,OMIT - EU,Logic Prime
Division A,OMIT - EU,KIPPERS
Division A,OMIT - EU,S U L T A N
Division A,OMIT - EU,EmilTR
Division A,OMIT - EU,Taitetsu
Division A,OMIT - EU,Hat
Division A,OMIT - EU,RedNeckGeek
Division A,OMIT - EU,Aivazovsky
Division A,OMIT - EU,DClouds
Division A,OMIT - EU,A r z a c h
Division A,OMIT - EU,pald84
Division A,OMIT - EU,Monarch 6-4
Division A,OMIT - EU,wargnome
Division A,OMIT - EU,Three Cats In A Trench Coat
Division A,OMIT - EU,Cpt Leprechaun
Division A,OMIT - EU,CAUTERIZER
Division A,OMIT - EU,OettingerRakete
Division A,Mantra - EU,Da Red Goes DA FASTA
Division A,Mantra - EU,-jbv-
Division A,Mantra - EU,TremZaLysiS
Division A,Mantra - EU,Winters Rigor
Division A,Mantra - EU,Colonel David Renard
Division A,Mantra - EU,1e0n
Division A,Mantra - EU,Nonu
Division A,Mantra - EU,GweNTLeR
Division A,Mantra - EU,Notxanderpeach
Division A,Mantra - EU,qopx
Division A,Mantra - EU,Paradox42
Division A,Mantra - EU,Kalsarikaennit
Division A,Mantra - EU,Neon30
Division B,EXDEATE - NA,unFearing
Division B,EXDEATE - NA,Heavenwarrior
Division B,EXDEATE - NA,HydroKyle240
Division B,EXDEATE - NA,Extra_Better
Division B,EXDEATE - NA,Saikyou
Division B,EXDEATE - NA,NeirSolon
Division B,EXDEATE - NA,GrillSquad
Division B,EXDEATE - NA,Itsalrightwithme
Division B,EXDEATE - NA,CaLL Me GiL
Division B,EXDEATE - NA,P4TCHY
Division B,EXDEATE - NA,Rabbid0Squirrel
Division B,EXDEATE - NA,ChapDude
Division B,EXDEATE - NA,Xiphias
Division B,EXDEATE - NA,vidjahgames
Division B,EXDEATE - NA,His own Slave
Division B,EXDEATE - NA,CptJudas
Division B,Skye Ranger Goppers - NA,Gadolinium64
Division B,Skye Ranger Goppers - NA,Black Caiman
Division B,Skye Ranger Goppers - NA,andy5689
Division B,Skye Ranger Goppers - NA,Calogero Nostra
Division B,Skye Ranger Goppers - NA,Edward Ash
Division B,Skye Ranger Goppers - NA,Eluzian
Division B,Skye Ranger Goppers - NA,ghostrider
Division B,Skye Ranger Goppers - NA,levitas
Division B,Skye Ranger Goppers - NA,Private skittles
Division B,Skye Ranger Goppers - NA,RealLyte
Division B,Skye Ranger Goppers - NA,vatek
Division B,228H Hellraisers from Heaven - NA,HammerFell-
Division B,228H Hellraisers from Heaven - NA,Lord Phills
Division B,228H Hellraisers from Heaven - NA,EV DTA-187
Division B,228H Hellraisers from Heaven - NA,Lollerisms
Division B,228H Hellraisers from Heaven - NA,RatJunkie
Division B,228H Hellraisers from Heaven - NA,Rosarius
Division B,228H Hellraisers from Heaven - NA,Techpriest Warlord Von Shrizyl
Division B,228H Hellraisers from Heaven - NA,Wubbey
Division B,228H Hellraisers from Heaven - NA,Therax
Division B,228H Hellraisers from Heaven - NA,XI584
Division B,228H Hellraisers from Heaven - NA,Darling_In_The_Mexx
Division B,228H Hellraisers from Heaven - NA,AlphariusCursor
Division B,228H Hellraisers from Heaven - NA,Rofyu
Division B,9th Sanguine Tigers - EU,fritzor
Division B,9th Sanguine Tigers - EU,Leonitas
Division B,9th Sanguine Tigers - EU,Dr Cara Carcass
Division B,9th Sanguine Tigers - EU,Verradin
Division B,9th Sanguine Tigers - EU,FCVanillaICE
Division B,9th Sanguine Tigers - EU,Dajegas
Division B,9th Sanguine Tigers - EU,Dubious Squirrel
Division B,9th Sanguine Tigers - EU,epikt
Division B,9th Sanguine Tigers - EU,Numeritor
Division B,Got It First Try - NA,thegreatdive
Division B,Got It First Try - NA,trans catgirl
Division B,Got It First Try - NA,geordi
Division B,Got It First Try - NA,Sarahndipity
Division B,Got It First Try - NA,TopHatFerret
Division B,Got It First Try - NA,Lief Kynes
Division B,Got It First Try - NA,shadowace007
Division B,Got It First Try - NA,WarlordKnight
Division B,Got It First Try - NA,The Blood Eagle
Division B,Got It First Try - NA,iTzEhMango
Division B,NAFF: I Don't Crab - EU,mytilus edulis
Division B,NAFF: I Don't Crab - EU,InTeaM Drake
Division B,NAFF: I Don't Crab - EU,under cover
Division B,NAFF: I Don't Crab - EU,Commander64o
Division B,NAFF: I Don't Crab - EU,CaptainRexx
Division B,NAFF: I Don't Crab - EU,Kiwimancer
Division B,NAFF: I Don't Crab - EU,Asuka Langley Best Grill
Division B,NAFF: I Don't Crab - EU,D U N E
Division B,NAFF: I Don't Crab - EU,SecondSystem
Division B,NAFF: I Don't Crab - EU,Samziel
Division B,NAFF: I Don't Crab - EU,Umbraldancer
Division C,KDCM Brain Weapon - NA,Plato J
Division C,KDCM Brain Weapon - NA,CanadianCyrus
Division C,KDCM Brain Weapon - NA,oioioituga
Division C,KDCM Brain Weapon - NA,RayRazor
Division C,KDCM Brain Weapon - NA,Stew101
Division C,KDCM Brain Weapon - NA,ShangguanJiner
Division C,KDCM Brain Weapon - NA,RamenFTW
Division C,KDCM Brain Weapon - NA,Cla
Division C,KDCM Brain Weapon - NA,Slough Feg-Lo-Wang
Division C,KDCM Brain Weapon - NA,TekDriveTruck
Division C,KDCM Brain Weapon - NA,Rist138
Division C,KDCM Brain Weapon - NA,Indigo Bowra
Division C,KDCM Brain Weapon - NA,Dutch Bear of WI
Division C,KDCM Brain Weapon - NA,Slowth
Division C,The Ministry of Silly Mechs - NA,H3lix_
Division C,The Ministry of Silly Mechs - NA,WOLF TooGoooD
Division C,The Ministry of Silly Mechs - NA,alphieus
Division C,The Ministry of Silly Mechs - NA,AscendingPotato
Division C,The Ministry of Silly Mechs - NA,Doomed Musician
Division C,The Ministry of Silly Mechs - NA,HeinousUranus
Division C,The Ministry of Silly Mechs - NA,Artemus Prime
Division C,The Ministry of Silly Mechs - NA,Duck9834
Division C,The Ministry of Silly Mechs - NA,Linksrevenge
Division C,The Ministry of Silly Mechs - NA,Scribbly Eyes
Division C,The Ministry of Silly Mechs - NA,Lowendofthings
Division C,12th Vegan Rangers - EU,Klappspaten
Division C,12th Vegan Rangers - EU,Mercu
Division C,12th Vegan Rangers - EU,DasMeenLeem
Division C,12th Vegan Rangers - EU,JiyuuJisatsu
Division C,12th Vegan Rangers - EU,raptorian
Division C,12th Vegan Rangers - EU,CorranHuss
Division C,12th Vegan Rangers - EU,smokefield
Division C,12th Vegan Rangers - EU,Drenzul
Division C,12th Vegan Rangers - EU,Lucius Tatus
Division C,12th Vegan Rangers - EU,Muz0079
Division C,12th Vegan Rangers - EU,Boomeagle
Division C,12th Vegan Rangers - EU,Psychonix
Division C,Kastarion's Guards - EU,Kastarion
Division C,Kastarion's Guards - EU,Val Arin
Division C,Kastarion's Guards - EU,JintoLengley
Division C,Kastarion's Guards - EU,AtomCore
Division C,Kastarion's Guards - EU,Zloi strelok
Division C,Kastarion's Guards - EU,IvanTheTerrible1
Division C,Kastarion's Guards - EU,Zardas
Division C,Kastarion's Guards - EU,Nikkolay
Division C,Kastarion's Guards - EU,Midavl
Division C,228 Junkers - AP,Gryphon Space
Division C,228 Junkers - AP,Yesin
Division C,228 Junkers - AP,Almighty Pickle
Division C,228 Junkers - AP,Scyter98
Division C,228 Junkers - AP,Pizzle Whip
Division C,228 Junkers - AP,HalflightAgent
Division C,228 Junkers - AP,speedyspeedyboy
Division C,228 Junkers - AP,Pincode05
Division C,228 Junkers - AP,Maxmawr
Division C,228 Junkers - AP,Sargent Sunar
Division C,228 Junkers - AP,QuestingKnight
Division C,228 Junkers - AP,Yami No Tenshi
Division C,MGSq - Beuopades - NA,Threee
Division C,MGSq - Beuopades - NA,spartan133t
Division C,MGSq - Beuopades - NA,T H E G W I Z
Division C,MGSq - Beuopades - NA,lazyhate101
Division C,MGSq - Beuopades - NA,Sobun
Division C,MGSq - Beuopades - NA,Ruta
Division C,MGSq - Beuopades - NA,DuskCanine4
Division C,MGSq - Beuopades - NA,King Crab IIC
Division C,MGSq - Beuopades - NA,Swamp Fox II
Division C,MGSq - Beuopades - NA,JimmyWithAnE
Division C,MGSq - Beuopades - NA,ChairGlue
Division C,MGSq - Beuopades - NA,Enty_
Division D,CDU Cheesers - NA,Skroggles
Division D,CDU Cheesers - NA,SaBukreic
Division D,CDU Cheesers - NA,Alena Flame
Division D,CDU Cheesers - NA,Jhebbal
Division D,CDU Cheesers - NA,BloodySpleen
Division D,CDU Cheesers - NA,Air Rifle77
Division D,CDU Cheesers - NA,TheodoreTWyvrun
Division D,CDU Cheesers - NA,Shaunbomb
Division D,CDU Cheesers - NA,Alfa Strike
Division D,Clan Xtra Fleek - AP,TomatoTyson
Division D,Clan Xtra Fleek - AP,Shotgunfist
Division D,Clan Xtra Fleek - AP,Hieu61
Division D,Clan Xtra Fleek - AP,terryflap
Division D,Clan Xtra Fleek - AP,Liveish
Division D,Clan Xtra Fleek - AP,Hunter Tseng
Division D,Clan Xtra Fleek - AP,Blaizakaros
Division D,Clan Xtra Fleek - AP,TotallyNotBiased
Division D,Clan Xtra Fleek - AP,Faek
Division D,Clan Xtra Fleek - AP,freeriderau
Division D,Clan Xtra Fleek - AP,Skeezics
Division D,EYRI - Creepy Critters - NA,Throe
Division D,EYRI - Creepy Critters - NA,King Mufasa
Division D,EYRI - Creepy Critters - NA,Wicked Steel
Division D,EYRI - Creepy Critters - NA,Crazyindianjoe
Division D,EYRI - Creepy Critters - NA,Fiveday
Division D,EYRI - Creepy Critters - NA,halflen
Division D,EYRI - Creepy Critters - NA,realmruler
Division D,EYRI - Creepy Critters - NA,TheGhostofWinter
Division D,EYRI - Creepy Critters - NA,Crashburn
Division D,EYRI - Creepy Critters - NA,Kaiju-Killer
Division D,Mobile Task Force Athena - NA,Athena Deathrose
Division D,Mobile Task Force Athena - NA,CrimzonLizard
Division D,Mobile Task Force Athena - NA,EOD Demo
Division D,Mobile Task Force Athena - NA,Manxfire
Division D,Mobile Task Force Athena - NA,Metafox
Division D,Mobile Task Force Athena - NA,Papaspud
Division D,Mobile Task Force Athena - NA,Tux
Division D,Mobile Task Force Athena - NA,Weaselslider
Division D,Mobile Task Force Athena - NA,Arthen00
Division D,Mobile Task Force Athena - NA,OpticSeagull
Division D,Mobile Task Force Athena - NA,Sniperman672
Division D,Bacon Pirates - NA,Lusankya
Division D,Bacon Pirates - NA,Haji1096
Division D,Bacon Pirates - NA,T4Quad
Division D,Bacon Pirates - NA,Chromentia
Division D,Bacon Pirates - NA,Mister Lizard
Division D,Bacon Pirates - NA,RedHerring
Division D,Bacon Pirates - NA,Falkenhayn
Division D,Bacon Pirates - NA,Kingjohnjr
Division D,Bacon Pirates - NA,CatznDogz
Division D,Bacon Pirates - NA,Nitemox
Division D,Bacon Pirates - NA,Swinathedad
Division D,Bacon Pirates - NA,Nuisancebeast
Division D,Aces Wild - NA,Not Bob
Division D,Aces Wild - NA,The Legend of Kelda
Division D,Aces Wild - NA,Revostae
Division D,Aces Wild - NA,Zuul The Burninator
Division D,Aces Wild - NA,Prince Hanse rau Davion
Division D,Aces Wild - NA,Archon Ent
Division D,Aces Wild - NA,CaptainIvan
Division D,Aces Wild - NA,Shadowhunter74
Division D,Aces Wild - NA,KodiakBS
Division D,Aces Wild - NA,GhostSeeker
Division D,Aces Wild - NA,Ktula Matata
Division D,Aces Wild - NA,ByrdKiller
Division D,Aces Wild - NA,Cosmoses
Division D,Aces Wild - NA,alex545
Division D,Aces Wild - NA,FoeFyre
Division E,Mech Academy - NA,WayOwenZ
Division E,Mech Academy - NA,Jerimiah Youngblood
Division E,Mech Academy - NA,charbdys
Division E,Mech Academy - NA,Jarathi
Division E,Mech Academy - NA,PDDRocco
Division E,Mech Academy - NA,GenderlessDeity
Division E,Mech Academy - NA,Maghorn
Division E,Mech Academy - NA,p1mps
Division E,Mech Academy - NA,SunM
Division E,Old Gunslingers - NA,Panzazo
Division E,Old Gunslingers - NA,Sevronis
Division E,Old Gunslingers - NA,B1ight
Division E,Old Gunslingers - NA,Carlson
Division E,Old Gunslingers - NA,Frankenstein27
Division E,Old Gunslingers - NA,Hrunting
Division E,Old Gunslingers - NA,Jexvrok
Division E,Old Gunslingers - NA,SirHavan
Division E,Old Gunslingers - NA,theman265
Division E,Old Gunslingers - NA,ToneLoc99
Division E,(2d20) Battle Buddies - NA,Jeff on a Buffalo
Division E,(2d20) Battle Buddies - NA,IndgoMan
Division E,(2d20) Battle Buddies - NA,Taeryr
Division E,(2d20) Battle Buddies - NA,MechEnt
Division E,(2d20) Battle Buddies - NA,Shaze Darkflame
Division E,(2d20) Battle Buddies - NA,Scrappy Metal Can
Division E,(2d20) Battle Buddies - NA,Majorchaos
Division E,(2d20) Battle Buddies - NA,Viola
Division E,(2d20) Battle Buddies - NA,Vixellet
Division E,EYRI - Floybin's Fifth Fusiliers - NA,CalicoDragon
Division E,EYRI - Floybin's Fifth Fusiliers - NA,DustyHoward
Division E,EYRI - Floybin's Fifth Fusiliers - NA,Pondafarr
Division E,EYRI - Floybin's Fifth Fusiliers - NA,Brenta
Division E,EYRI - Floybin's Fifth Fusiliers - NA,Hadriel
Division E,EYRI - Floybin's Fifth Fusiliers - NA,GravelNeck
Division E,EYRI - Floybin's Fifth Fusiliers - NA,Valdar
Division E,EYRI - Floybin's Fifth Fusiliers - NA,SonicLightning8
Division E,EYRI - Floybin's Fifth Fusiliers - NA,Kyle112199
Division E,EYRI - Floybin's Fifth Fusiliers - NA,Floybin
Division E,Accidental Success Squadron - NA,M4maFoox
Division E,Accidental Success Squadron - NA,Von Pinn
Division E,Accidental Success Squadron - NA,xXTraitorXx
Division E,Accidental Success Squadron - NA,NuKe170
Division E,Accidental Success Squadron - NA,BlitZWarrior888
Division E,Accidental Success Squadron - NA,Choco Lab
Division E,Accidental Success Squadron - NA,Fluffycerberus
Division E,Accidental Success Squadron - NA,JBRedPhoenix
Division E,Accidental Success Squadron - NA,DimitriusVoldun
Division E,Accidental Success Squadron - NA,Zatoichi 1
Division E,Accidental Success Squadron - NA,RangerS09
Division E,Accidental Success Squadron - NA,GunRaptor
Division E,Accidental Success Squadron - NA,Xoury
Division E,Smoke Keshik - EU,Soundbust 11
Division E,Smoke Keshik - EU,TristarInvader
Division E,Smoke Keshik - EU,TheCatequil
Division E,Smoke Keshik - EU,MalYaska
Division E,Smoke Keshik - EU,Dani130
Division E,Smoke Keshik - EU,0FsU0Slayer
Division E,Smoke Keshik - EU,Rosa Terica
Division E,Smoke Keshik - EU,Poggle
Division F,Black Pants Legion,RalphyNoPants
Division F,Black Pants Legion,HedgehogBC
Division F,Black Pants Legion,tangoforone
Division F,Black Pants Legion,Sushi Destructo
Division F,Black Pants Legion,inteliwasp
Division F,Black Pants Legion,Tetatae Exchange Student
Division F,Black Pants Legion,Weaver
Division F,Black Pants Legion,canopus_cat
Division F,Black Pants Legion,milsurp mephostophiles
Division F,Black Pants Legion,tarnc
Division F,Black Pants Legion,FSuperfly
Division F,Black Pants Legion,theginningthief
Division F,Black Pants Legion,Wraith Darkstar
Division F,Black Pants Legion,Roxxi Rose
Division F,Black Pants Legion,AH_Its_Skeletor
Division F,Black Pants Legion,Tactic00l Tuna Fish
Division F,Sozzled Brawling Raccoon Samurais - NA,gijimmy41
Division F,Sozzled Brawling Raccoon Samurais - NA,savaship
Division F,Sozzled Brawling Raccoon Samurais - NA,fophoenix
Division F,Sozzled Brawling Raccoon Samurais - NA,Rhavii
Division F,Sozzled Brawling Raccoon Samurais - NA,Historicgamer
Division F,Sozzled Brawling Raccoon Samurais - NA,Phartknocker
Division F,Sozzled Brawling Raccoon Samurais - NA,Phat Samurai
Division F,Sozzled Brawling Raccoon Samurais - NA,Littlest Hobo
Division F,Sozzled Brawling Raccoon Samurais - NA,Grater Authority
Division F,Sozzled Brawling Raccoon Samurais - NA,eyeseahue
Division F,Sozzled Brawling Raccoon Samurais - NA,Jags37
Division F,Sozzled Brawling Raccoon Samurais - NA,hankrearden
Division F,Black Widow Company - NA,Dylan Pickles
Division F,Black Widow Company - NA,Centurion Petreus
Division F,Black Widow Company - NA,Doc Device
Division F,Black Widow Company - NA,Ciderstien
Division F,Black Widow Company - NA,KH Slaine
Division F,Black Widow Company - NA,Ghost of Eden
Division F,Black Widow Company - NA,Resting_Cthulhu
Division F,Black Widow Company - NA,Thunderwyrm
Division F,Black Widow Company - NA,snakemanjon
Division F,Black Widow Company - NA,thearticulategrunt
Division F,Black Widow Company - NA,ragnahawk
Division F,Black Widow Company - NA,Cupid and Psyche
Division F,Black Widow Company - NA,Rhys Vizsla
Division F,Bears Brawlers - AP,mr bear
Division F,Bears Brawlers - AP,Cephylist
Division F,Bears Brawlers - AP,LAHIRE
Division F,Bears Brawlers - AP,Xyco
Division F,Bears Brawlers - AP,SaberXtorm
Division F,Bears Brawlers - AP,bLuEsErOs
Division F,Bears Brawlers - AP,Heer
Division F,Bears Brawlers - AP,Miriage
Division F,Bears Brawlers - AP,Vampyreq
Division F,Bears Brawlers - AP,Dithiolium
Division F,Bears Brawlers - AP,Tonu
Division F,Bears Brawlers - AP,Mr.Flextape
Division F,Bears Brawlers - AP,monsoon cloudburst
Division F,Bears Brawlers - AP,Maverick2020
Division F,Bears Brawlers - AP,Makerie
Division F,El Coyote Lobos de la Muerte [ECLM] - EU,Oozie Man
Division F,El Coyote Lobos de la Muerte [ECLM] - EU,Call me Yoshi
Division F,El Coyote Lobos de la Muerte [ECLM] - EU,Snowlulz
Division F,El Coyote Lobos de la Muerte [ECLM] - EU,NeoWave
Division F,El Coyote Lobos de la Muerte [ECLM] - EU,SorbP
Division F,El Coyote Lobos de la Muerte [ECLM] - EU,enblom50
Division F,El Coyote Lobos de la Muerte [ECLM] - EU,DeliiT
Division F,El Coyote Lobos de la Muerte [ECLM] - EU,BluMetal
Division F,El Coyote Lobos de la Muerte [ECLM] - EU,SwiftKiller512
Division F,Rosette Falcon of ECLM [ECLM] - EU,STI_Leopard
Division F,Rosette Falcon of ECLM [ECLM] - EU,Lord Corvin
Division F,Rosette Falcon of ECLM [ECLM] - EU,xxleduc93xx
Division F,Rosette Falcon of ECLM [ECLM] - EU,Jimmy The Jim Jimmies
Division F,Rosette Falcon of ECLM [ECLM] - EU,Firespiter
Division F,Rosette Falcon of ECLM [ECLM] - EU,Itsduhkraken
Division F,Rosette Falcon of ECLM [ECLM] - EU,Lauski1977
Division F,Rosette Falcon of ECLM [ECLM] - EU,The Jewce Iz Loose
Division G,Benups - NA,MasterPig
Division G,Benups - NA,Manikin Fartwalker
Division G,Benups - NA,JfrIend
Division G,Benups - NA,NubyaTheRealtor
Division G,Benups - NA,benben10
Division G,Benups - NA,lorddrakewater
Division G,Benups - NA,Drake67
Division G,Benups - NA,NolRinela
Division G,Benups - NA,Micheal Hessek
Division G,Benups - NA,Mono Lithian
Division G,QFES - Escadron Suicide - EU,Azur le Sylvestre
Division G,QFES - Escadron Suicide - EU,Jean Courage
Division G,QFES - Escadron Suicide - EU,Spyder Cochon
Division G,QFES - Escadron Suicide - EU,Zerglinator
Division G,QFES - Escadron Suicide - EU,foy5
Division G,QFES - Escadron Suicide - EU,optimus prime 7
Division G,QFES - Escadron Suicide - EU,JonNoren
Division G,QFES - Escadron Suicide - EU,Mitaine23
Division G,QFES - Escadron Suicide - EU,deagleyes
Division G,QFES - Escadron Suicide - EU,DC Ryoshun
Division G,QFES - Escadron Suicide - EU,GrooveRyder
Division G,QFES - Escadron Suicide - EU,AcidAngel501
Division G,QFES - Escadron Suicide - EU,dottore04
Division G,(2d20) Clan Sabre Goose - NA,StuffYouFear
Division G,(2d20) Clan Sabre Goose - NA,Hiroler_77
Division G,(2d20) Clan Sabre Goose - NA,Jep00
Division G,(2d20) Clan Sabre Goose - NA,Clobber
Division G,(2d20) Clan Sabre Goose - NA,SirArminius
Division G,(2d20) Clan Sabre Goose - NA,beerions
Division G,(2d20) Clan Sabre Goose - NA,07th Zain
Division G,(2d20) Clan Sabre Goose - NA,XCorsair
Division G,(2d20) Clan Sabre Goose - NA,LomasAtorian
Division G,(2d20) Clan Sabre Goose - NA,Maelstrom238
Division G,Shadow Cat Wizard Gang - NA,GetLuckyGhoul
Division G,Shadow Cat Wizard Gang - NA,wBlazer15
Division G,Shadow Cat Wizard Gang - NA,Fayehilt
Division G,Shadow Cat Wizard Gang - NA,Skippy Dinglechalk
Division G,Shadow Cat Wizard Gang - NA,Kitsune Appreciator 69
Division G,Shadow Cat Wizard Gang - NA,Nix05281
Division G,Shadow Cat Wizard Gang - NA,Stomps McStomperton
Division G,Shadow Cat Wizard Gang - NA,hoodiebenny
Division G,Shadow Cat Wizard Gang - NA,Lokendak
Division G,Shadow Cat Wizard Gang - NA,bowman08
Division G,Shadow Cat Wizard Gang - NA,DillyGong
Division G,Bacon Privateers - NA,Smagaman
Division G,Bacon Privateers - NA,HasHman
Division G,Bacon Privateers - NA,Cocomax
Division G,Bacon Privateers - NA,Pickle1313
Division G,Bacon Privateers - NA,Fear is the mind killer
Division G,Bacon Privateers - NA,SkiBaller
Division G,Bacon Privateers - NA,RacerX
Division G,Bacon Privateers - NA,YnnacBain
Division G,Bacon Privateers - NA,Arcane Wraith
Division G,Bacon Privateers - NA,CursedApophis
Division G,Golden Century - NA,Jitszu
Division G,Golden Century - NA,robobeaver
Division G,Golden Century - NA,Terran123rd
Division G,Golden Century - NA,Bolt115
Division G,Golden Century - NA,BennyHanuh
Division G,Golden Century - NA,Bosstralia
Division G,Golden Century - NA,Saiclopz
Division G,Golden Century - NA,Wishlist1
Division G,Golden Century - NA,CheesecakeLuvr1869
Division G,Golden Century - NA,Gerb
Division G,Golden Century - NA,Tyrihjelm
Division G,Golden Century - NA,TheDarkEvo